appid,name,tags
2852130,DeadballCrusader,"['Action', 'Casual', 'Sports', '3D Fighter', 'Arcade', ""Beat 'em up"", 'Shooter', 'Arena Shooter', 'Bullet Hell', '3D', 'Third Person', 'Baseball', 'Demons', 'Robots', 'Bullet Time', 'Combat', 'Singleplayer', 'Hack and Slash', 'PvE', 'Indie']"
2953380,Death Finder,"['Adventure', 'Puzzle', '3D Platformer', 'First-Person', 'Building', 'Singleplayer', 'Gore', 'Violent', 'Indie']"
2736440,Destination Paradise,"['Hidden Object', 'Casual', 'Puzzle', '2D', 'Relaxing', 'Linear', 'Realistic', 'Singleplayer']"
2896000,Escape the Kreegan,"['Twin Stick Shooter', ""Shoot 'Em Up"", 'Sci-fi', 'Top-Down Shooter', 'Space', 'Bullet Hell', 'Shooter', 'Arcade', '2D', 'Top-Down', 'Action', 'Controller', 'Vehicular Combat', 'Hand-drawn', 'Military', 'Aliens', 'Futuristic', 'Singleplayer', 'Indie', 'Early Access']"
2792300,Event World VR,"['Early Access', 'Simulation', 'Music', 'VR', 'Arcade', 'Realistic', '360 Video', 'Immersive Sim', 'FPS', 'Zombies', 'Sports', 'Racing', 'Basketball', 'Bowling', 'Exploration', 'Singleplayer', 'Roguelike', 'Survival Horror', 'Asymmetric VR', 'Score Attack']"
2754040,Fisherman'sWorld,"['RPG', 'Utilities', 'Collectathon', 'Cute', 'Fantasy', 'Choices Matter', 'Singleplayer', 'Adventure', 'Simulation']"
2720040,F.I.T.,"['2D Platformer', 'Action', 'Casual', 'Puzzle Platformer', 'Puzzle', 'Arcade', '2D', 'Colorful', 'Pixel Graphics', 'Score Attack', 'Atmospheric', 'Indie', 'Physics', 'Old School', 'Retro', 'Singleplayer']"
2756030,Fusion Fling,"['Strategy', 'Clicker', 'Physics', 'Relaxing', 'Casual', 'Puzzle', '2D', 'Logic', 'Cute', 'Singleplayer', 'Colorful', 'Cartoony', 'Family Friendly', 'Score Attack', 'Match 3', 'Cozy', 'Arcade', 'Point & Click', 'Funny', 'Simulation']"
1898370,InVertia,"['Action', '2D Platformer', 'Parkour', 'Platformer', '2D', 'Colorful', 'Level Editor', 'Adventure', 'Racing', 'Singleplayer']"
2733780,Just Get There,"['Adventure', 'Casual', 'Physics', 'Sandbox', 'Arcade', 'Puzzle', 'Exploration', 'Action-Adventure', '3D Platformer', 'Puzzle Platformer', 'Hidden Object', 'Immersive Sim', '3D', 'Logic', 'Third Person', 'Realistic', 'Destruction', 'Building', 'Relaxing', 'Procedural Generation']"
2709880,Justin Freeman's Build A House,"['RPG', 'Satire', 'Dark Humor', 'Cartoony', 'Choices Matter', 'Story Rich', 'Hand-drawn', 'Multiple Endings', '3D', 'Open World', '2D Platformer', 'Singleplayer', 'Casual', 'Political', 'Comedy', 'Philosophical', 'Life Sim', 'Building', 'Parody', 'Economy']"
2821320,Legend of Marrow,"['Action', 'Adventure', 'Strategy', 'Action-Adventure', 'Puzzle', 'Exploration', 'Hidden Object', 'Puzzle Platformer', '3D', 'Cinematic', 'Stylized', 'Third Person', 'Detective', 'Horror', 'Investigation', 'Stealth', 'Thriller', 'Automation', 'Controller', 'Inventory Management']"
2962210,Magic Lantern Festival,"['Early Access', 'Bullet Hell', 'Trivia', '2D', 'Runner', 'Dark Fantasy', 'Fantasy', 'Singleplayer', 'Education', 'Word Game', 'Pixel Graphics', 'Action', 'Casual', 'Cats', 'Cute', 'Retro', '2D Platformer', 'Anime', 'Split Screen', 'Magic']"
2899230,Manaulyn,"['Action', 'Adventure', 'Action-Adventure', 'Shooter', 'Third-Person Shooter', '3D', 'Stylized', 'Third Person', 'Fantasy', 'Futuristic', 'Post-apocalyptic', 'Early Access', 'Combat', 'Linear', 'PvE', 'Story Rich', 'Singleplayer']"
2424040,MARONIA,"['Action', 'Casual', '2D Fighter', 'Roguelike', 'Action Roguelike', '2D', 'Pixel Graphics', 'Magic', 'Modern', 'Indie', 'Early Access', 'Combat', 'Female Protagonist', 'PvE', 'Singleplayer']"
2733310,Mazemerizzz,"['3D Platformer', 'Puzzle Platformer', 'Dungeon Crawler', 'Puzzle', 'PvE', 'Action-Adventure', '3D', 'Action', 'Third Person', 'First-Person', 'Dark Fantasy', 'Fantasy', 'Logic', 'Medieval', 'Psychedelic', 'Adventure', 'Physics', 'Singleplayer', 'Gore', 'Violent']"
2476170,Missile Wars,"['Action', 'Strategy', 'Space Sim', 'Real Time Tactics', 'VR', 'Wargame', '3D', 'Sci-fi', 'Space', 'Tactical', 'Indie', 'War', 'PvP', 'Resource Management', 'Multiplayer', 'Singleplayer']"
2804280,Monster Typer Backspace,"['Typing', 'Action', 'Roguelite', 'PvE', 'Arcade', 'Female Protagonist', '2D', 'Procedural Generation', 'Pixel Graphics', 'Sci-fi', 'Space', 'Aliens', 'Singleplayer']"
2822320,Mysteryville,"['Casual', 'Hidden Object', 'Detective', 'Point & Click', 'Investigation', 'Adventure', 'Puzzle', 'Clicker', 'Mystery', '2D', 'Cartoony', 'Colorful', 'First-Person', 'Cats', 'Funny', 'Female Protagonist', 'Singleplayer', 'Old School', 'Relaxing']"
2668070,Neon Fuga,"['Action', ""Shoot 'Em Up"", '2D', 'Idler', 'Flight', 'Colorful', 'Space', 'Top-Down', 'Aliens', 'Arcade', 'Shooter', 'Top-Down Shooter', 'Abstract', 'Atmospheric', 'Old School', 'Retro', 'Combat', 'Music-Based Procedural Generation', 'PvE', 'Controller']"
2748590,Phenom Overdrive,"['Side Scroller', 'Exploration', 'Puzzle', 'Difficult', 'Space', 'Action-Adventure', '2D', 'Space Sim', 'Top-Down', 'Surreal', 'Multiple Endings', 'Controller', 'Colorful', 'Abstract', 'Sci-fi', 'Science', 'Survival', 'Physics', 'Action', 'Singleplayer']"
2971630,PlasticFighter,"['Simulation', 'Action', 'Action-Adventure', 'Rhythm', 'Shooter', 'Exploration', 'Hidden Object', 'FPS', '3D', 'First-Person', 'Stylized', 'Atmospheric', 'Military', 'War', 'Combat', 'PvE', 'Score Attack', 'Singleplayer', 'Indie']"
2826610,Rabbitra 2,"['Casual', 'Parkour', 'Action', 'Platformer', 'Pixel Graphics', '2D', 'Singleplayer', 'Action Roguelike', 'Shooter', 'Indie', '1980s', 'Relaxing', 'Combat']"
2963310,"Ready, Set, Plumb!","['Casual', 'Puzzle', 'Puzzle Platformer', '2D', 'Cartoon', 'Crafting', 'Singleplayer', 'Procedural Generation']"
2783380,ReRise,"['Action', 'Action RPG', 'Wargame', '3D', 'Cyberpunk', 'Combat', 'Singleplayer', 'Adventure', 'Indie', 'Casual', 'Violent']"
2724020,Sea and Adventure,"['Adventure', 'RPG', 'Action RPG', 'Strategy RPG', '2D Platformer', 'Action', 'Metroidvania', 'Dungeon Crawler', '2D', 'Pixel Graphics', '1980s', 'Early Access', 'Comedy', 'Trading', 'Resource Management', 'Nonlinear', 'Singleplayer']"
2620120,Searching,"['Adventure', 'RPG', 'JRPG', 'Turn-Based Combat', 'Pixel Graphics', 'Action-Adventure', '2D', 'Top-Down', 'Fantasy', 'Medieval', 'Retro', 'Indie', 'Action', 'Combat', 'Linear', 'PvE', 'Singleplayer', 'Turn-Based Strategy']"
2833120,Shadow Brawl,"['Hack and Slash', 'Action', 'Casual', 'PvP', '2D Fighter', 'Action-Adventure', 'Adventure', '2D', 'Story Rich', 'Pixel Graphics', 'Magic', 'Robots', 'Indie', 'Dark', 'Combat', 'Multiplayer', 'Singleplayer']"
2721250,Slime Brawly Brawl,"['Action', 'Casual', 'Combat', 'Platformer', 'Arcade', 'Controller', 'Colorful', 'Minimalist', 'Atmospheric', 'Old School', 'Retro', 'Indie', 'Early Access', 'Singleplayer', '2D Fighter', '2D Platformer', '2D']"
2719860,Solstale,"['Adventure', 'Casual', '2D Fighter', 'Action-Adventure', 'Platformer', '2D Platformer', 'Collectathon', 'Precision Platformer', '2D', 'Anime', 'Cartoony', 'Colorful', 'Comic Book', 'Family Friendly', 'Fantasy', 'Funny', 'Combat', 'Linear', 'PvE', 'Singleplayer']"
2844940,Spellarium 6,"['Casual', 'Match 3', 'Hidden Object', 'Card Game', 'City Builder', 'Puzzle', '2D', 'Fantasy', 'Logic', 'Magic', 'Singleplayer']"
2815600,sterospeed,"['3D Platformer', 'Runner', 'Combat Racing', 'Racing', 'Strategy', '3D', '3D Vision', 'Third Person', 'Open World', 'Realistic', 'Colorful', 'Singleplayer', 'Indie']"
2964330,Suika Watermelon Fruits,"['Casual', 'Point & Click', 'Arcade', 'Puzzle', 'Side Scroller', 'Puzzle Platformer', '2D', 'Anime', 'Cute', 'Cartoony', 'Colorful', 'Atmospheric', 'Family Friendly', 'LGBTQ+', 'Romance', 'PvE', 'Controller', 'Female Protagonist', 'Choices Matter', 'Physics']"
2791790,Super Kart Mini Car Race,"['Racing', 'Precision Platformer', '3D Platformer', 'Runner', 'Driving', 'Platformer', 'Arcade', 'Casual', '3D', 'Cute', 'Controller', 'Magic', 'Physics', 'Old School', 'Singleplayer', 'Local Multiplayer', 'Multiplayer', 'Indie']"
2752760,TAKEUMA 2D,"['Action', 'Adventure', 'Action-Adventure', '2D Platformer', 'Exploration', 'Side Scroller', 'Pixel Graphics', 'Fantasy', 'Retro', 'Indie', 'Nature', 'PvE', 'Singleplayer', '2D']"
2829070,The Wolf's Hunt,"['Action', 'Adventure', 'RPG', 'Action RPG', 'Action-Adventure', 'Strategy RPG', 'Walking Simulator', 'Combat Racing', 'Exploration', 'Hack and Slash', 'Runner', 'Tactical RPG', '3D', 'Realistic', 'Third Person', 'Hunting', 'Nature', 'Parkour', 'Stealth', 'Survival']"
2735150,Tome Supreme,"['Action', 'Casual', 'Roguelike', 'Action Roguelike', '3D', 'Stylized', 'Fantasy', 'Magic', 'Procedural Generation', 'PvE', 'Indie', 'Perma Death', 'Local Co-Op', 'Multiplayer', 'Singleplayer']"
2989680,Twizzle Puzzle: Dinosaurs,"['Casual', '2D', 'Cute', 'Atmospheric', 'Singleplayer', 'Indie', 'Puzzle', 'Stylized', 'Side Scroller', 'Abstract', 'Old School', 'Family Friendly', 'Retro', 'Relaxing', 'Strategy', 'Replay Value', 'Short', 'Colorful', 'Classic', 'Minimalist']"
2938550,Two Bad Fellas,"['Horror', 'Action', 'Survival Horror', '3D', 'Puzzle', 'Atmospheric', 'Multiple Endings', 'Cartoony', 'Adventure', 'Indie', 'Singleplayer']"
2944290,War of Zanzor III: Birth of Unity,"['Story Rich', 'JRPG', 'Linear', '2D', 'RPG', 'Singleplayer', 'Exploration', 'Turn-Based Combat', 'Controller', 'Turn-Based Tactics', 'Turn-Based Strategy', 'Top-Down', 'Historical', 'Anime', 'Pixel Graphics', 'Dark Fantasy', 'Fantasy', 'Sci-fi', 'Space', 'Emotional']"
2521470,Zen With A Pen,"['Arcade', 'Difficult', 'Indie', 'Precision Platformer', 'Action', 'Minimalist', '2D', 'Casual', 'Action-Adventure', 'Adventure', 'Stylized', 'Atmospheric', 'Old School', 'Tutorial', 'Controller', 'Linear', 'Relaxing', 'Singleplayer', 'Time Management', 'Philosophical']"
2608460,Ancient Wonders: Gardens of Babylon,"['Match 3', 'Casual', 'Puzzle', '2D', 'Alternate History', 'Relaxing', 'Colorful', 'Hex Grid', 'Singleplayer']"
2765250,Avoo,"['Trivia', 'Education', '4 Player Local', 'Casual', 'Local Co-Op', '3D', 'Nature', 'Controller', 'Linear', 'Narration', 'Team-Based', 'Stylized', 'Atmospheric', 'PvP', 'Singleplayer']"
2762250,A Zombie Tail,"['Strategy', ""Shoot 'Em Up"", 'Tower Defense', '2D', 'Cute', 'Action', 'Funny', 'Linear', 'Colorful', 'Dog', 'Family Friendly', 'Zombies', 'Survival', ""1990's"", 'Old School', 'Combat', 'Singleplayer', 'Indie', 'Casual']"
2837080,Brick Buster Blast,"['Action', 'Retro', 'Adventure', '2D', 'Arcade', 'Casual', 'Action-Adventure', 'Point & Click', 'Puzzle', 'Board Game', ""Shoot 'Em Up"", 'Cartoon', 'Cartoony', 'Colorful', 'Minimalist', 'Family Friendly', 'Relaxing', 'Score Attack', 'Singleplayer', 'Indie']"
2882490,Cabbage Crop,"['Casual', 'Action', '2D', 'Tower Defense', 'Side Scroller', 'Combat', 'Hack and Slash', 'Cartoony', 'Singleplayer']"
2261000,Call of FireWork,"['FPS', 'Adventure', '3D', 'Singleplayer', 'Story Rich', 'Action', 'Shooter', 'Real Time Tactics', 'Cartoony', 'First-Person', 'Funny', 'RPG', 'Combat', '3D Platformer', 'War', 'Drama', 'Linear', 'Early Access', 'Indie', 'Hero Shooter']"
2986300,Cappadocia Puzzle,"['Casual', 'Puzzle', 'Puzzle Platformer', 'Realistic', 'Historical', 'Tutorial', 'Singleplayer']"
2909980,Car Wash Game for Kids and Toddlers,"['RPG', 'Simulation', 'Automobile Sim', 'Life Sim', 'Medical Sim', '2D', 'Colorful', 'Cute', 'Family Friendly', 'Indie', 'Funny', 'Logic', 'Singleplayer']"
2741840,Clean Up After Your Dog,"['RPG', 'Simulation', 'Casual', 'Walking Simulator', 'Clicker', 'Exploration', 'Dog', 'Funny', 'Old School', 'Parody', 'Retro', 'Character Customization', 'Turn-Based Combat', 'Singleplayer']"
2951850,Color Splash: Monkeys,"['Casual', 'Puzzle', 'Side Scroller', 'Colorful', 'Atmospheric', 'Singleplayer', 'Short', 'Stylized', '2D', 'Old School', 'Retro', 'Abstract', 'Replay Value', 'Cute', 'Family Friendly', 'Tabletop', 'Creature Collector', 'Relaxing', 'Funny', 'Anime']"
2699480,CURA,"['Simulation', 'Puzzle', '3D', 'Third Person', 'Voxel', 'Atmospheric', 'Score Attack', 'Indie', 'Casual', 'Singleplayer']"
2891520,Deep Dark Wrath,"['Action RPG', 'Collectathon', 'Dungeon Crawler', 'PvE', 'Action', 'Adventure', 'RPG', 'Hack and Slash', ""Beat 'em up"", 'Card Game', '2D', 'Top-Down', 'Hand-drawn', 'Singleplayer', 'Dark Fantasy', 'Medieval', 'Mystery', 'Combat', 'Third Person', 'Controller']"
2779930,Demons and Doobins,"['Casual', 'Time Management', '2D', 'Pixel Graphics', 'Funny', 'Indie', 'Stealth', 'Multiple Endings', 'Multiplayer', 'Horror']"
2698160,DOOL,"['Difficult', 'Casual', 'Puzzle', 'Minimalist', 'Colorful', 'Atmospheric', 'Indie', 'Logic', 'Grid-Based Movement', 'Tutorial', 'Family Friendly', 'Singleplayer']"
2886150,Emoji Connect,"['Casual', 'Singleplayer', 'Funny', 'Clicker', 'Puzzle', 'Rhythm', 'Match 3', 'Cute', 'Colorful', 'Time Management', 'Solitaire', '2.5D', '2D', ""1990's"", 'Comedy', 'Comic Book', 'Moddable', 'Destruction', 'Psychedelic', 'Psychological']"
2859670,FIREWALL: Cyber Defense,"['Action', 'Tower Defense', 'Pixel Graphics', 'Top-Down Shooter', 'RPG', 'Cyberpunk', 'Artificial Intelligence', '2D', 'Shooter', 'Colorful', 'Top-Down', 'Futuristic', 'Mystery', 'Combat', 'Conversation', 'Resource Management', 'Story Rich', 'Singleplayer', 'Indie']"
2876680,Fluxed,"['Time Travel', 'Action', 'Sci-fi', 'FPS', 'VR', 'Realistic', 'Shooter', 'First-Person', 'Singleplayer', 'Indie', 'Time Management', '6DOF', '3D']"
2715830,FUREA UERZT,"['Adventure', 'Racing', 'Singleplayer', 'Realistic', 'Action', 'Indie', 'Automobile Sim', 'Mars', 'Simulation']"
2613730,Go Bananas,"['Action', 'Arcade', 'Platformer', 'Cartoony', 'Pixel Graphics', 'Colorful', 'Precision Platformer', '2D Platformer', 'Score Attack', 'Casual', 'Singleplayer', 'Family Friendly', 'Controller', 'Collectathon', '2D', 'Cute', 'Retro', 'Funny', 'Indie']"
2809680,Henry's Scratch Pack 1.,"['Adventure', 'Action', 'Exploration', 'Linear', 'Singleplayer', 'Action-Adventure', 'Arcade', 'Point & Click', 'Precision Platformer', '2D', 'Racing', 'Colorful', 'Stylized', 'Game Development', 'Logic', 'Indie', 'Old School', 'Physics', 'Early Access']"
2513640,Hexagoner,"['Strategy', 'Board Game', 'Multiplayer', 'PvP', 'Logic', '3D', 'Combat', 'Tabletop', 'Stylized', 'Indie', 'War', 'Tactical', 'Wargame', 'Singleplayer']"
2495080,Hexxaris,"['Casual', 'Puzzle', 'Real Time Tactics', 'Time Management', '2D', 'Colorful', 'Futuristic', 'Logic', 'Modern', 'Linear', 'Score Attack', 'Singleplayer']"
2746400,Hidden Clues: Gang Wars,"['Casual', 'Puzzle', '2D', 'Linear', 'Crime', 'Singleplayer', 'Indie']"
2706650,Infinite Coaster,"['Runner', 'Immersive Sim', 'Idler', 'Clicker', 'Racing', 'Trains', 'Parkour', 'Driving', 'Cycling', 'Physics', 'Arcade', '3D', 'Third Person', 'LEGO', 'Relaxing', 'Funny', 'VR', 'Casual', 'Simulation', 'Cartoony']"
2952520,Invasion: Phoenix,"['Early Access', 'Action RTS', 'Wargame', 'PvE', 'Strategy', 'RTS', 'Arcade', '2D', 'Top-Down', 'Action', 'Lore-Rich', 'Story Rich', 'Pixel Graphics', 'Sci-fi', 'Space', 'Atmospheric', 'War', 'Aliens', 'Dark', 'Futuristic']"
2669560,Kumi-Daiko Beatoff,"['4 Player Local', 'Local Multiplayer', 'Controller', 'Multiplayer', 'Minimalist', 'Local Co-Op', 'Co-op', 'Cartoony', 'Arcade', 'Physics', 'Combat', 'Colorful', 'Family Friendly', 'Cute', 'Casual', 'Score Attack', ""Beat 'em up"", 'Retro', 'Abstract', 'Psychedelic']"
2696310,Last Castle Guardians,"['Action Roguelike', 'Bullet Hell', 'Tower Defense', 'Strategy', 'Roguelite', 'Action', 'Casual', 'Medieval', 'Indie', 'Character Customization', '3D', 'Fantasy', 'Singleplayer']"
2788450,Little Horrors!,"['Horror', 'Singleplayer', 'Simulation', 'Multiple Endings', 'Time Management', 'Lovecraftian', ""1990's"", 'Point & Click', 'Indie', 'Blood', 'Pixel Graphics', 'Dark Comedy', '2D', 'Casual', 'Dark Humor', 'Colorful', 'Retro', 'Experimental', 'Gore']"
2929830,Megan's Adventure,"['2D Platformer', 'Action', 'Adventure', 'Singleplayer', 'Casual', 'Platformer', '2D', 'Linear', 'Atmospheric', 'Comedy', 'Indie', 'Artificial Intelligence']"
2739500,Merge Circus,"['Casual', 'Arcade', 'Puzzle', 'Match 3', '2D', 'Colorful', 'Cute', 'Family Friendly', 'Funny', 'Indie', 'Magic', 'Physics', 'Singleplayer']"
2817550,Mika's Battle S,"['Action', 'Adventure', 'Action-Adventure', 'Anime', 'Platformer', 'Female Protagonist', 'Cute', '2D Platformer', 'Side Scroller', '2D', 'Colorful', 'Shooter', 'Pixel Graphics', 'Funny', 'Old School', 'Retro', 'Sci-fi', 'Singleplayer', 'Story Rich', 'Indie']"
2822330,Mysteryville 2,"['Casual', 'Adventure', 'Hidden Object', 'Detective', 'Puzzle', 'Point & Click', 'Investigation', 'Mystery', 'Clicker', '2D', 'Colorful', 'Old School', 'Female Protagonist', 'Singleplayer', 'First-Person', 'Relaxing']"
2878840,NINJA KATO 3,"['Action', 'Action-Adventure', 'Indie', '2D Platformer', 'Runner', '2D', '1980s', 'Ninja', 'Controller', 'Singleplayer']"
2896040,Odd Sequence,"['Action', 'Combat', 'RPG', 'Hack and Slash', ""Beat 'em up"", 'Action RPG', '2D Platformer', 'Character Customization', 'Class-Based', 'Casual', 'Souls-like', 'Family Friendly', 'Side Scroller', '2D', 'Stylized', 'Fantasy', 'Sci-fi', 'Platformer', 'Singleplayer', 'PvE']"
2657220,Office Nightmare Chapter 1,"['Action', 'Adventure', 'Action-Adventure', 'Choose Your Own Adventure', '3D', 'Cartoony', 'First-Person', 'Realistic', 'Dark', 'Horror', 'Hunting', 'Modern', 'Mystery', 'Psychological', 'Psychological Horror', 'Stealth', 'Survival', 'Survival Horror', 'Singleplayer', 'Indie']"
2816390,Paintball - the puzzle game,"['Casual', 'Puzzle', 'Local Co-Op', 'Singleplayer', 'Education', 'Logic', 'Family Friendly', 'Controller', 'Grid-Based Movement', 'Team-Based', 'Level Editor', 'Mystery Dungeon', '2D', 'Anime', 'Cartoony', 'Top-Down', 'Relaxing', 'Hex Grid', 'Co-op', 'Local Multiplayer']"
2939070,Pickup 'N' Packup!,"['Casual', 'VR', 'Simulation', 'Puzzle', 'Singleplayer', 'Time Management', 'First-Person', '3D', 'Family Friendly', 'Stylized', 'Indie', 'Management', 'Relaxing', 'Modern', 'Physics']"
2850120,Planetstar Warrior,"['Side Scroller', 'Strategy', 'Action', ""Shoot 'Em Up"", 'Casual', 'Shooter', '2D Fighter', 'Arcade', '2D', 'Colorful', 'Pixel Graphics', 'Indie', 'Sci-fi', 'Space', '1980s', 'Combat', 'Singleplayer']"
2138800,Desert Strait: Operation Online Prime,"['Action', 'RPG', 'Massively Multiplayer', 'Simulation']"
2858500,Rhythm & Beats,"['Casual', 'Rhythm', 'Simulation', 'Music', 'Audio Production', 'VR', '3D', 'Colorful', 'Indie', 'Moddable', 'Singleplayer']"
2730660,School Curse2,"['Casual', 'Interactive Fiction', '3D Platformer', '3D', 'Horror', 'PvE', 'Singleplayer', 'Indie']"
2826650,Scribble,"['Hand-drawn', 'Precision Platformer', 'Linear', 'Cartoon', 'Noir', 'Retro', 'Old School', 'Puzzle Platformer', '2D Platformer', 'Platformer', 'Adventure', 'Indie', 'Singleplayer', 'Stylized', 'Action', 'Arcade']"
2700280,Sky Mad,"['Action', 'Racing', '3D Fighter', 'Simulation', 'Combat Racing', 'Flight', ""Shoot 'Em Up"", '3D', 'Combat', 'Singleplayer', 'Jet', 'Real Time Tactics', 'Destruction', 'Futuristic', 'Sci-fi', ""Beat 'em up""]"
3032260,Snatched,"['Simulation', 'Villain Protagonist', 'Artificial Intelligence', 'Aliens', 'Sandbox', 'Free to Play', 'Exploration', 'Stealth', 'Immersive Sim', '3D', 'Multiplayer', 'Singleplayer', 'Indie', 'Early Access', 'Third Person', 'Choose Your Own Adventure', 'Strategy']"
2064160,Spaced Out,"['Indie', 'Casual', 'Action', 'Arcade', 'Local Multiplayer', '4 Player Local', 'Early Access', 'PvP', 'Controller', 'Retro', 'Space', 'Replay Value', 'Physics', 'Family Friendly', '2D', 'Minimalist', 'Colorful', '1980s', 'Futuristic', 'Multiplayer']"
2816550,Speed NFL,"['Sports', 'Football (American)', 'Simulation', 'Tactical', 'Real Time Tactics', 'America', '2D', 'Text-Based', 'Team-Based', 'Local Multiplayer', 'Strategy', 'Multiplayer', 'Singleplayer', 'Colorful', 'Minimalist', 'eSports']"
2650610,SwapPics: Knights vs Demons,"['Puzzle', 'Strategy', 'Singleplayer', 'PvP', 'Tutorial', 'Wargame', '3D', 'Procedural Generation', 'Co-op', 'Casual', 'Stylized', 'Demons', 'Fantasy', 'Medieval', 'Local Co-Op', 'Local Multiplayer', 'Mouse only', 'Indie']"
2782460,Tale of the Seas,"['Action', 'Racing', '4X', 'Action RPG', 'Match 3', 'Casual', 'Dynamic Narration', 'Singleplayer', 'Traditional Roguelike', 'RPG']"
2766370,The Tour,"['Casual', 'Rhythm', '2D', 'Cartoon', 'Cute', 'Family Friendly', 'Music-Based Procedural Generation', 'Singleplayer']"
2859240,TP Bullet,"['2D Platformer', 'Casual', 'Puzzle Platformer', 'Platformer', '2D', 'Cute', 'Pixel Graphics', 'Magic', 'Indie', 'Singleplayer']"
2422310,Trupki,"['Puzzle', 'Logic', 'Indie', 'Minimalist', 'Stylized', '2D', 'Nonlinear', 'Singleplayer', 'Casual']"
2948060,Twizzle Puzzle: Horses,"['Casual', '2D', 'Cute', 'Atmospheric', 'Singleplayer', 'Indie', 'Puzzle', 'Stylized', 'Side Scroller', 'Abstract', 'Family Friendly', 'Retro', 'Relaxing', 'Old School', 'Replay Value', 'Short', 'Tabletop', 'Creature Collector', 'Colorful', 'Classic']"
2918420,Wandering Pet Garden,"['Creature Collector', 'Casual', 'Management', 'Simulation', '3D', 'Cute', 'First-Person', 'Third Person', 'Relaxing', 'Indie', 'Family Friendly', 'Fantasy', 'Resource Management', 'Singleplayer']"
2617760,White Path,"['Precision Platformer', 'Puzzle Platformer', '3D Platformer', 'Platformer', 'Arcade', '3D', 'Third Person', 'Choices Matter', 'Atmospheric', 'Mystery', 'Physics', 'Dark', 'Singleplayer', 'Adventure', '2D', 'Casual', 'Action']"
2678880,Your Shots Count,"['Casual', 'Action', 'Education', 'Archery', 'Dark Fantasy', 'Atmospheric', 'Arcade', 'PvE', '2D', 'Singleplayer', 'Indie', 'Pixel Graphics', 'Gothic', 'Supernatural', 'Zombies']"
2755760,射日传说 Sun-shot legend,"['Adventure', 'RPG', 'Mythology', 'Female Protagonist', 'Action-Adventure', 'Action RPG', 'Action Roguelike', '2.5D', 'Action', 'Indie', 'Singleplayer']"
2928790,Alpine,"['Sports', 'Skiing', 'Arcade', '2D', 'Pixel Graphics', 'Snow', 'Side Scroller', 'Indie', 'Procedural Generation', 'Singleplayer']"
1447300,AnarchyField: Infinite Euphoric Level Destruction,"['Action', 'Third-Person Shooter', 'Sandbox', 'PvP', 'Shooter', 'Military', 'Destruction', 'Violent', 'Multiplayer', 'Indie', 'Early Access', 'Singleplayer']"
2899130,Ancestral Hunter,"['Action', 'Strategy', 'Action-Adventure', 'Shooter', 'Exploration', 'FPS', '3D', 'First-Person', 'VR', 'Fantasy', 'Investigation', 'Nature', 'Combat', 'PvE', 'Singleplayer']"
2340000,AWARA,"['Side Scroller', '2D Platformer', 'Platformer', 'Point & Click', 'Adventure', '2D', '2.5D', 'Cooking', 'Colorful', 'Agriculture', 'Score Attack', 'Indie', 'Nature', 'Singleplayer', 'Arcade', 'Racing']"
2214410,Birds vs Dragons,"['Action', 'Adventure', 'Action-Adventure', 'Shooter', 'Strategy', 'Arena Shooter', '3D Platformer', 'Combat', 'Cartoony', 'Colorful', 'Family Friendly', 'Indie', 'Third-Person Shooter', 'Fantasy', 'Third Person', 'Singleplayer']"
2901820,Bosstack,"['Casual', 'Strategy', '2D', 'Turn-Based Strategy', 'Roguelike', 'Character Customization', 'Class-Based', 'RPG', 'Indie', 'Singleplayer']"
2912010,Brave Hero,"['Adventure', 'RPG', 'Interactive Fiction', '3D Platformer', 'Voxel', 'World War I', 'Level Editor', 'Singleplayer']"
2743430,Brick Blaster,"['Action', 'Casual', 'Arcade', 'Shooter', 'Bullet Hell', 'Looter Shooter', ""Shoot 'Em Up"", '3D', 'VR', 'Old School', 'Retro', 'Indie', 'Early Access', '6DOF', 'Hack and Slash', 'Linear', 'Score Attack', 'Singleplayer']"
2918470,Bubble Dogs,"['Casual', 'Arcade', 'Puzzle', 'Puzzle Platformer', '2D', 'Colorful', 'Dog', 'Physics', 'Indie', 'Score Attack', 'Singleplayer', 'Relaxing', 'Replay Value', 'Cute']"
2736700,Circle Pong,"['Action', 'Casual', 'Arcade', '2D', 'Isometric', 'Top-Down', 'Abstract', 'Indie', 'Singleplayer']"
2972780,DNA 1: Finale,"['Action', 'RPG', '2D Fighter', 'Action RPG', 'Arcade', ""Beat 'em up"", '2D Platformer', 'Hack and Slash', 'Side Scroller', '2D', 'Anime', 'Hand-drawn', 'Emotional', 'Fantasy', 'Lore-Rich', 'Martial Arts', 'Romance', 'Sci-fi', 'Singleplayer', 'Episodic']"
2972650,DNA: Final Episode: Part 1,"['Action', 'RPG', '2D Fighter', 'Action RPG', 'Arcade', ""Beat 'em up"", '2D Platformer', 'Hack and Slash', 'Side Scroller', '2D', 'Anime', 'Hand-drawn', 'Emotional', 'Fantasy', 'Lore-Rich', 'Martial Arts', 'Romance', 'Sci-fi', 'Singleplayer', 'Episodic']"
2931170,Don't drop luggage! - 荷物を落とすな！ -,"['Casual', 'Puzzle', 'Singleplayer', '3D', '3D Platformer', 'Indie']"
2101740,Draw Physics Line,"['Casual', 'Puzzle Platformer', 'Puzzle', '2D', 'Abstract', 'Minimalist', 'Stylized', 'Logic', 'Magic', 'Level Editor', 'Strategy', 'Action', 'Moddable', 'Crafting', 'Physics', 'Cartoon', 'Singleplayer']"
2498340,Drop Pane : Not Only Match-3,"['Casual', 'Strategy', 'Match 3', 'Spelling', 'Education', 'Quick-Time Events', 'Arcade', '2D', 'Minimalist', 'Indie', 'Funny', 'Point & Click', 'Old School', 'Controller', 'Singleplayer']"
2782910,Endless Faith,"['Casual', 'Singleplayer', 'Point & Click', 'Rhythm', 'Runner', 'Clicker', '3D', 'Realistic', 'Colorful', 'Atmospheric', 'Sci-fi', 'Physics']"
2927080,follow dream,"['RPG', 'Casual', 'Action RPG', '2D Platformer', '2D', '1980s', 'Turn-Based Combat', 'Singleplayer']"
2805140,Football: Breakthrough Gaming Arcade,"['Faith', 'Football (American)', '8-bit Music', 'America', 'Sports', 'Arcade', 'Silent Protagonist', 'Runner', 'Short', 'Electronic Music', 'Western', 'Nostalgia', 'eSports', 'Electronic', 'Singleplayer', 'Side Scroller', '2D Platformer', 'Pixel Graphics', 'Retro', 'Competitive']"
2841730,Galactic Ascendancy,"['Action', 'Casual', '2D Fighter', 'Shooter', '2D Platformer', '2.5D', 'Cinematic', 'Aliens', 'Fantasy', 'Sci-fi', 'Indie', 'Space', 'Combat', 'Singleplayer']"
2956330,Gender Neutral Chess,"['Strategy', 'Chess', 'Multiplayer', 'Puzzle', '3D', 'Colorful', 'LGBTQ+', 'PvP', 'Singleplayer']"
2780400,GhostHunt With Triggered Insaan,"['Horror', 'Action', 'Adventure', 'Action-Adventure', 'Exploration', 'Singleplayer', 'First-Person', 'Indie', 'Linear']"
2311980,Gravarior,"['Action', 'Puzzle', 'Shooter', '2.5D', '2D', ""1990's"", 'Sci-fi', 'Aliens', 'Space', 'Futuristic', 'Sniper', 'Science', 'Investigation', 'PvE', 'Tutorial', 'Singleplayer', 'Casual', 'Intentionally Awkward Controls', 'Side Scroller', 'Indie']"
2965870,GROKAI,"['Adventure', 'Action-Adventure', 'Choose Your Own Adventure', 'Text-Based', 'Artificial Intelligence', 'Singleplayer']"
2674160,Have a Good Day,"['Exploration', 'FPS', 'Action', 'Action-Adventure', 'Adventure', '3D', 'First-Person', 'Sci-fi', 'Survival', 'Post-apocalyptic', 'Strategy', 'Indie', 'Zombies', 'Resource Management', 'Singleplayer']"
2921190,Heather The Smither,"['Casual', 'Crafting', 'Simulation', 'Point & Click', 'Time Management', 'Medieval', 'Relaxing', 'Arcade', 'Clicker', '2D', 'Colorful', 'Hand-drawn', 'Management', 'Family Friendly', 'Resource Management', 'Linear', 'Female Protagonist', 'Singleplayer', 'Indie']"
2623390,Hexbot Colony,"['Colony Sim', 'Hex Grid', 'Resource Management', 'Sci-fi', 'Space', 'Singleplayer', 'Early Access', 'Simulation']"
2746380,Hidden Clues,"['Strategy', 'Puzzle', '2D', 'Crime', 'Detective', 'Linear', 'Singleplayer', 'Indie', 'Casual']"
2746390,Hidden Clues 2: Miami,"['Casual', 'Puzzle', '2D', 'Linear', 'Crime', 'Singleplayer', 'Indie']"
2784710,Ilíada Espacial 2,"['Looter Shooter', 'Action Roguelike', 'Bullet Hell', ""Shoot 'Em Up"", 'RPG', 'Shooter', 'Action RPG', '2D', 'Funny', 'Story Rich', 'Action', 'Linear', 'Colorful', 'Pixel Graphics', 'Sci-fi', 'Drama', 'Aliens', 'Futuristic', 'Combat', 'Singleplayer']"
2971660,InTheDisorderlyCourtyard,"['3D Platformer', 'Casual', 'Puzzle Platformer', 'Puzzle', 'Platformer', 'Female Protagonist', '3D', 'Third Person', 'Anime', 'Cartoony', 'Colorful', 'Physics', 'Adventure', 'Cartoon', 'Singleplayer', 'Indie']"
2773250,MailRabit,"['Action', 'Casual', 'Action RPG', '3D Platformer', '3D', 'Cute', 'Anime', 'Cartoon', 'Cartoony', 'Fantasy', 'Nature', 'Score Attack', 'Singleplayer']"
2784590,Marmargee Fighter Girl vs. Zombies & Monsters!,"['Indie', 'Runner', ""Shoot 'Em Up"", 'Action', 'Arcade', 'Female Protagonist', 'Score Attack', '3D', 'Third Person', 'Zombies', 'Fantasy', 'Magic', 'Aliens', 'Combat', 'Singleplayer']"
2584520,MetaGraph,"['Casual', 'Puzzle', 'Word Game', 'Typing', '2D', 'Anime', 'Cartoon', 'Colorful', 'Cats', 'Cyberpunk', 'Education', 'Logic', 'Old School', 'Steampunk', 'Linear', 'Text-Based', 'Singleplayer']"
2761050,Meta Visual Art,"['Early Access', 'Casual', 'Design & Illustration', 'Exploration', '3D', 'Colorful', 'Abstract', 'Stylized', 'VR', 'Atmospheric', 'Sci-fi', 'Supernatural', 'Fantasy', 'Thriller', 'Surreal', 'Linear', 'Singleplayer', 'Multiplayer', 'Co-op', 'Online Co-Op']"
2813220,Nectarmare,"['Casual', 'Simulation', 'Strategy', 'Arcade', 'Bullet Hell', '2D', 'Colorful', 'Cute', 'Cartoony', 'Cartoon', 'Hand-drawn', 'Atmospheric', 'Family Friendly', 'Nature', 'Linear', 'PvE', 'Singleplayer', 'Indie']"
2715230,NINJA KATO 2,"['Action', 'Action-Adventure', '2D Platformer', 'Runner', '2D', '1980s', 'Ninja', 'Indie', 'Singleplayer']"
2680040,PolyDestroyer,"['Casual', 'Shooter', '2D', 'Combat', ""Shoot 'Em Up"", 'Top-Down Shooter', 'Isometric', 'Top-Down', 'Aliens', 'Early Access', 'Space Sim', 'Space', 'Character Customization', 'Hack and Slash', 'Singleplayer']"
2695420,Protecto,"['Casual', 'Sandbox', 'Puzzle Platformer', '2D', 'Colorful', 'Superhero', 'Physics', 'Singleplayer', 'Action', 'Indie', 'Tower Defense', 'Outbreak Sim']"
2877850,Save the Frog Keita,"['Casual', 'Singleplayer', 'Relaxing', 'Funny', 'Clicker', 'Point & Click', 'Atmospheric', 'Rhythm', '2D Platformer', 'Hand-drawn', 'Battle Royale', 'Real Time Tactics', 'Tactical RPG', '2D', 'Realistic', 'Isometric', 'Tactical', 'Survival', 'Level Editor', 'Crafting']"
2410370,Send It: The Game,"['Action', 'Simulation', 'Military', 'Physics', 'Puzzle', 'Shooter', 'Puzzle Platformer', 'Turn-Based Tactics', '2D', 'Cartoon', 'War', 'Singleplayer']"
2853240,Song of Yosef,"['Exploration', 'Metroidvania', 'Colorful', 'Precision Platformer', '2D Platformer', 'Pixel Graphics', 'Physics', 'Platformer', 'Arcade', 'Nonlinear', 'Action', 'Open World', 'Casual', 'Minimalist', 'Atmospheric', 'Faith', 'Old School', 'Retro', '1980s', '2D']"
2732810,Soul Runner,"['Runner', 'Collectathon', 'Adventure', 'Hidden Object', 'Puzzle', 'Arcade', '3D', 'Horror', 'Linear', 'Building', 'Indie', 'Early Access', 'Dark', 'Singleplayer']"
2837240,SP-LIGHT,"['Racing', '3D Platformer', 'Indie', 'Score Attack', 'Singleplayer', 'Platformer', 'Character Customization', 'Third Person', 'Controller', 'Funny', 'Tutorial', '3D']"
2864200,Super Math Saga,"['Adventure', 'Casual', 'Education', 'Platformer', 'Puzzle', '3D Platformer', 'Puzzle Platformer', 'Side Scroller', '2.5D', 'Cartoon', 'Cartoony', 'Colorful', 'Cute', 'Family Friendly', 'Logic', 'Relaxing', 'Tutorial', 'Singleplayer']"
2809290,The Wandering Demon Blade,"['Action', 'Action RPG', 'Combat', 'Singleplayer', 'Pixel Graphics', 'Atmospheric', '2D', 'Drama', 'Gore', 'Indie', 'Minimalist', '2D Platformer']"
2813970,The Yellow Moon's School: The Ghosts Day,"['Arena Shooter', 'Bullet Hell', 'Action', ""Shoot 'Em Up"", 'Shooter', 'Action-Adventure', 'Adventure', 'Female Protagonist', '3D', 'Cute', 'Anime', 'Indie', 'Cartoony', 'Family Friendly', 'Survival', 'Singleplayer']"
2968570,Touch Maze,"['Action', 'Casual', 'Arcade', 'Platformer', 'Point & Click', '2D Platformer', 'Precision Platformer', 'Side Scroller', '2D', 'Indie', 'Medieval', 'Old School', 'Linear', 'PvE', 'Singleplayer']"
2875920,Twizzle Puzzle: Monkeys,"['Casual', '2D', 'Cute', 'Atmospheric', 'Singleplayer', 'Indie', 'Side Scroller', 'Short', 'Stylized', 'Colorful', 'Abstract', 'Replay Value', 'Family Friendly', 'Tabletop', 'Creature Collector', 'Old School', 'Retro', 'Minimalist', 'Relaxing', 'Puzzle']"
2949850,Ultrakanoid,"[""1990's"", 'Casual', 'Stylized', '1980s', 'Colorful', 'Arcade', 'Side Scroller', '2D', 'Atmospheric', 'Indie', 'Nudity', 'Score Attack', 'Singleplayer']"
2920330,Vice Grill: Synthwave Survival,"['Action', 'Shooter', 'Tower Defense', 'Top-Down Shooter', 'Survival', 'Resource Management', 'Crafting', 'Management', 'Top-Down', '2D', 'Colorful', 'Stylized', '1980s', 'Atmospheric', 'Old School', 'Retro', 'Surreal', 'Combat', 'Singleplayer', 'Relaxing']"
2973840,A Great Hunger,"['Visual Novel', 'Interactive Fiction', 'Female Protagonist', 'Dark Fantasy', 'Demons', 'Drama', 'Multiple Endings', 'Choices Matter', 'Story Rich', 'Fantasy', '2D', 'Horror', 'Third Person', 'Hand-drawn', 'Atmospheric', 'LGBTQ+', 'Colorful', 'Text-Based', 'Singleplayer', 'Simulation']"
2952110,Art Jigsaw Puzzles,"['Casual', 'Simulation', 'Puzzle', 'Tabletop', 'Board Game', '2D', 'Singleplayer', 'Strategy']"
2364080,Bake In Time,"['Indie', 'Casual', 'Singleplayer', 'JRPG', 'Drama', 'RPG']"
2906780,bbosong,"['Casual', 'Arcade', '2D Platformer', '2D', 'Cute', 'Comic Book', 'Dog', 'Indie', 'Controller', 'Singleplayer']"
2954440,Berry Bash,"['Early Access', 'Arcade', 'Action', 'Indie', '3D', 'Adventure', 'Top-Down Shooter', 'Third-Person Shooter', 'Family Friendly', 'Third Person', 'Singleplayer', 'Survival', 'Emotional', 'Action-Adventure', 'Cute', 'Top-Down', 'Minimalist', 'Atmospheric', 'Relaxing', 'Shooter']"
2815100,Christmas Journey to Santa,"['2D Platformer', 'Snow', 'Relaxing', 'Colorful', 'Atmospheric', 'Adventure', 'Family Friendly', 'Casual', 'Cute', 'Arcade', 'Platformer', 'Precision Platformer', '2D', 'Cartoon', 'Cartoony', 'Emotional', 'Nature', 'Linear', 'Singleplayer', 'Indie']"
2783640,Copz N Zombies,"['Action', 'Crime', 'Zombies', 'Stealth', 'Third-Person Shooter', 'Horror', 'Open World', 'Simulation', 'Looter Shooter', 'Procedural Generation', 'PvE', 'Colorful', 'Relaxing', 'Collectathon', 'Sci-fi', 'Thriller', 'Loot', 'Arcade', 'Life Sim', 'Third Person']"
2527340,Cosmic roads,"['Precision Platformer', 'Difficult', 'Driving', 'Platformer', 'Arcade', '3D', 'Casual', 'Sci-fi', 'Indie', 'Space', 'Singleplayer', 'Physics']"
2921810,Cringegolf,"['Mini Golf', 'Casual', 'Indie', 'Golf', 'Arcade', '3D', 'Top-Down', 'Singleplayer']"
2726110,Cubebam,"['Casual', 'Arcade', 'Puzzle', 'Side Scroller', '2D', 'Cute', 'Hand-drawn', 'Mining', 'Indie', 'Score Attack', 'Physics', 'Singleplayer']"
2919200,Death Sword Spirit,"['Adventure', 'Simulation', 'Action-Adventure', '2D Platformer', '2D', 'Turn-Based Combat', 'Singleplayer', 'Strategy']"
2972750,DNA: Final Episode: Part 2,"['Action', 'RPG', '2D Fighter', 'Action RPG', 'Arcade', ""Beat 'em up"", '2D Platformer', 'Hack and Slash', 'Side Scroller', '2D', 'Anime', 'Hand-drawn', 'Emotional', 'Fantasy', 'Lore-Rich', 'Martial Arts', 'Romance', 'Sci-fi', 'Singleplayer', 'Episodic']"
2766620,Do A Barrel Roll??,"['Precision Platformer', '2D Platformer', 'Platformer', '2D', 'Singleplayer', 'Emotional', 'Linear', 'Adventure', 'Indie', 'Pixel Graphics', 'Physics', 'Action']"
2899990,Elementaire,"['Abstract', 'Strategy', 'Competitive', 'Board Game', 'Retro', 'Pixel Graphics', 'Turn-Based Tactics', '2D', 'Colorful', 'Tactical', 'Atmospheric', 'Puzzle', 'Choices Matter', 'Singleplayer', 'Electronic Music', 'Casual', 'Fast-Paced', 'Relaxing']"
2927860,Elfengard Hunter Slayer,"['Adventure', 'Action', 'Casual', 'RPG', 'Action RPG', 'Exploration', 'Hack and Slash', '3D', ""1990's"", 'Strategy', 'Indie', 'Early Access', 'Fantasy', 'Singleplayer']"
2810380,EnGaCho Dreamy Butterfly,"['Action', 'Side Scroller', 'Roguelite', 'Exploration', '2D', 'Pixel Graphics', 'Retro', 'Indie', 'Casual', 'Singleplayer']"
2839310,Evader,"['Score Attack', 'Singleplayer', 'Relaxing', '2D', '2D Platformer', 'Controller', 'Strategy', 'Indie', 'RTS']"
2719720,Fly Hands,"['Adventure', 'Racing', 'Simulation', 'VR', 'Casual', 'Indie', 'Nature', 'Singleplayer', 'Action-Adventure', 'Immersive Sim', 'Early Access', 'Controller', 'Linear', 'Physics']"
2763520,Forest legend,"['Simulation', 'Adventure', 'God Game', '3D Platformer', '3D', 'Artificial Intelligence', 'Early Access', 'Casual', 'Singleplayer']"
2894830,Function Ball（関数球）,"['Puzzle', 'Physics', 'Simulation', 'Education', 'Casual', 'Building', 'Abstract', 'Tactical', 'Science', 'Indie', 'Singleplayer', '2D', '2D Platformer']"
2783980,Ghost legend,"['Simulation', 'Racing', 'Action-Adventure', '2D Platformer', '2D', 'Singleplayer', 'RPG', 'Casual']"
2920610,Hidden Riddles. The Amazon Mystery,"['Casual', 'Puzzle', 'Realistic', 'Hand-drawn', 'Stylized', 'Colorful', 'Atmospheric', 'Detective', 'Family Friendly', 'Magic', 'Mythology', 'Nature', 'Investigation', 'Fantasy', 'Story Rich', 'Narration', 'Singleplayer']"
1580860,It's Not Rocket Science!,"['Action', 'Casual', 'Arcade', '2D', 'Colorful', 'Cute', 'Minimalist', 'Split Screen', 'Building', 'Space', 'Family Friendly', 'Physics', 'PvP', 'Team-Based', '4 Player Local', 'Co-op', 'Local Co-Op', 'Multiplayer', 'Local Multiplayer', 'Indie']"
2894580,Kaidop,"['Adventure', 'Puzzle', 'Runner', 'Singleplayer', 'Third Person', 'Multiple Endings', '3D', 'Indie', 'Strategy', 'Action', 'Agriculture', 'Snow']"
2489730,KARSUS,"['Action', '2D Platformer', 'Platformer', 'Arcade', '2D', 'Pixel Graphics', '1980s', 'Retro', 'Singleplayer', 'Indie']"
2838910,Leap In The Right Direction,"['Precision Platformer', 'Casual', '2D Platformer', 'Platformer', 'Arcade', '2D', 'Adventure', 'Cute', 'Cartoony', 'Colorful', 'Atmospheric', 'Indie', 'Nature', 'Physics', 'Singleplayer']"
2807100,Light Box,"['Indie', 'Casual', 'Stylized', 'Action', 'Arcade', 'Isometric', 'Touch-Friendly', 'Family Friendly', '3D Platformer', 'Runner', 'Atmospheric', 'Procedural Generation', 'Grid-Based Movement', 'Platformer', 'Singleplayer', 'Controller', 'Minimalist', '3D']"
2599060,Magical Lands,"['Adventure', 'Simulation', 'Strategy', 'Action', 'RTS', 'Singleplayer', 'Indie']"
2678660,MagicArchitect_IntoDisaster,"['Action', 'Adventure', 'Action-Adventure', 'Visual Novel', 'Action Roguelike', '2D Platformer', ""Shoot 'Em Up"", 'Bullet Hell', 'Top-Down Shooter', '2.5D', '2D', 'Cute', 'Anime', 'Comic Book', 'Hand-drawn', 'Comedy', 'Survival', 'Fantasy', 'Hunting', 'Nature']"
2892490,MeteoStorm,"['Action', 'Arcade', ""Shoot 'Em Up"", '2D', 'Pixel Graphics', '1980s', 'Sci-fi', 'Space', 'Linear', 'Indie', 'Casual', 'Procedural Generation', 'Singleplayer']"
2860250,Mudoku - next Sudoku,"['Casual', 'Puzzle', 'Solitaire', 'Puzzle Platformer', 'Match 3', 'Minimalist', 'Retro', 'Family Friendly', 'Education', 'Grid-Based Movement', 'Procedural Generation', 'Singleplayer']"
2946550,Nangol,"['Puzzle Platformer', 'Puzzle', 'Platformer', '2D', 'Cute', 'Strategy', 'Pixel Graphics', 'Family Friendly', 'Relaxing', 'Sci-fi', 'Retro', 'Fantasy', 'Atmospheric', 'Adventure', 'Loot', 'Futuristic', 'Dark Fantasy', 'Post-apocalyptic', 'Linear', 'Action']"
2855450,OG Memory: Synthwave Boats,"['Casual', 'Tabletop', 'Puzzle', 'Colorful', 'Singleplayer', 'Indie']"
2733740,OG Memory: Synthwave Cars,"['Casual', 'Strategy', '2D', 'Singleplayer', 'Runner', 'Indie']"
2659700,OG Puzzlers: Synthwave Cars,"['Casual', 'Board Game', ""1990's"", 'Singleplayer', 'Isometric', 'Grid-Based Movement']"
2884270,OG Puzzlers: Synthwave Dragons,"['Casual', 'Indie', 'Tabletop', 'Puzzle', 'Colorful', 'Dragons', 'Singleplayer']"
2739350,OG Puzzlers: Winter 2K23,"['Casual', 'Tabletop', 'Realistic', 'Nature', 'Singleplayer']"
2831870,Olive,"['Arcade', 'Casual', 'Runner', 'Side Scroller', 'Colorful', 'Singleplayer', 'Female Protagonist', 'Character Customization', 'Indie', 'Nature', 'Atmospheric', '2D']"
2842460,Pirate Pop Quest,"['Pirates', 'Adventure', 'Match 3', 'Puzzle', 'Relaxing', 'Casual', 'Strategy', 'Colorful', 'Board Game', 'Point & Click', 'Tabletop', 'Clicker', 'Hidden Object', 'Idler', '2D', 'Cartoon', 'Cartoony', 'Minimalist', 'Family Friendly', 'Fantasy']"
2931040,Poor Thief,"['Action', 'Casual', 'Adventure', 'Arcade', '2D Platformer', '2D', 'Tactical', 'PvE', 'Singleplayer']"
2659580,Project Scar,"['Action', 'Casual', 'Platformer', 'Runner', '2D Platformer', '2D', 'Pixel Graphics', 'Nature', 'Family Friendly', 'Indie', 'Relaxing', 'PvE', 'Singleplayer']"
2848000,PSolTrix,"['Score Attack', 'Action', 'Puzzle', 'Arcade', '3D', 'Abstract', 'Minimalist', 'Grid-Based Movement', 'Casual', 'Indie', 'Early Access', 'Time Management', 'Strategy', 'Building', 'Hex Grid', 'Singleplayer']"
2873410,Quest Eternal,"['Action', '2D Platformer', 'Platformer', 'Side Scroller', '2D', 'Indie', 'Early Access', 'Pixel Graphics', 'Singleplayer', 'Atmospheric', 'Fantasy', 'Old School', 'PvE', 'Combat', 'Family Friendly', 'Cute']"
2850540,Race Elcano,"['Racing', 'Arcade', '2D', 'Colorful', '4 Player Local', 'Local Multiplayer', 'Singleplayer']"
2909480,Ramen Oil Simulator,"['Casual', 'Simulation', 'Relaxing', 'Singleplayer', 'Clicker', '2D', 'Top-Down', 'Comedy', 'Score Attack', 'Sandbox']"
2130250,Runombie,"['Casual', '3D Platformer', 'Third Person', 'Singleplayer', 'Action-Adventure', 'Zombies', 'Indie']"
2735840,School Curse3,"['Casual', 'Interactive Fiction', '3D Platformer', '3D', 'Horror', 'PvE', 'Singleplayer', 'Indie']"
2948290,Space Warrior,"['Action', 'Casual', 'Adventure', 'Simulation', 'Action-Adventure', '2D Platformer', '2D', 'Top-Down', 'Survival', 'Indie', 'Strategy', 'Space', 'Aliens', 'Score Attack', 'Singleplayer']"
2690570,Sprite Wars,"['Action', 'Casual', 'Top-Down Shooter', 'Top-Down', 'Adventure', '2D Platformer', 'Precision Platformer', 'Action-Adventure', 'Shooter', 'Platformer', 'Bullet Hell', 'Quick-Time Events', '2D', 'Colorful', 'Cute', 'Loot', 'War', 'PvE', 'Singleplayer', 'Indie']"
2907200,StarsKnight,"['Action', '2D Fighter', 'Roguevania', '2D', 'Space', 'Hack and Slash', 'Singleplayer', 'Adventure', 'RPG', 'Indie']"
2232800,Swarm Fortress,"['Tower Defense', 'Base Building', 'Strategy', 'Top-Down Shooter', 'Arena Shooter', 'Bullet Hell', 'Sandbox', 'Roguelike', 'Minimalist', '2D', 'Top-Down', 'Building', 'Physics', 'Singleplayer', 'Shooter', 'Exploration', 'Point & Click', 'Horror', 'Linear', 'Adventure']"
2701020,The Gauntlet,"['Action', 'Platformer', '3D Platformer', 'Runner', '3D', 'Parkour', 'Cartoony', 'Comic Book', 'Singleplayer', 'Indie', 'Fast-Paced']"
2943920,Timeless,"['Action', 'RPG', 'Strategy', 'Action RPG', 'Arcade', 'Party-Based RPG', 'Shooter', 'Strategy RPG', 'Arena Shooter', 'FPS', 'Hack and Slash', 'Looter Shooter', 'Real Time Tactics', ""Shoot 'Em Up"", '3D', 'First-Person', 'Realistic', 'Cyberpunk', 'Dark Fantasy', 'Fantasy']"
2908150,Trivia Trials,"['Trivia', 'Psychological Horror', 'Text-Based', 'Casual', 'Singleplayer', 'Puzzle', 'Typing', 'Spelling', 'Time Management', 'Point & Click', '3D', 'Supernatural', 'Linear', 'Minimalist', 'Atmospheric', 'Relaxing', 'Simulation', 'Puzzle Platformer', 'Quick-Time Events', 'Arcade']"
2918580,Twizzle Puzzle: Rodents,"['Casual', '2D', 'Cute', 'Atmospheric', 'Singleplayer', 'Short', 'Stylized', 'Colorful', 'Abstract', 'Replay Value', 'Family Friendly', 'Experimental', 'Creature Collector', 'Old School', 'Retro', 'Minimalist', 'Relaxing', 'Puzzle', 'Classic', 'Side Scroller']"
2900890,Wizards Vs Soldiers And Robots,"['Early Access', 'Action', 'Shooter', 'Third-Person Shooter', '3D', 'Cartoon', 'Cartoony', 'Third Person', 'Comedy', 'Horror', 'Magic', 'Memes', 'Psychological Horror', 'Robots', 'Sci-fi', 'PvE', 'PvP', 'Team-Based', 'Co-op', 'Multiplayer']"
2778660,塞图格莉娜号Sertorgina,"['Adventure', 'Shooter', 'Top-Down Shooter', '3D', 'Top-Down', 'Survival', 'Combat', 'Indie', 'Singleplayer']"
2560380,100 Rounds,"['Casual', '2D Platformer', 'Relaxing', 'Platformer', '2D', 'Psychedelic', 'Colorful', 'Multiplayer', 'Singleplayer', 'Indie', 'Co-op', 'Online Co-Op', 'Controller', 'Team-Based']"
2786140,99 Moves,"['Action', 'Racing', 'Arcade', 'Side Scroller', ""Shoot 'Em Up"", '2.5D', 'Colorful', 'Futuristic', 'PvP', 'Indie', 'Multiplayer', 'Singleplayer', '4 Player Local', 'Retro']"
2950890,A Matching Game,"['Tile-Matching', 'Card Game', 'Match 3', 'Family Friendly', 'Casual', 'Singleplayer', 'Puzzle', 'Tabletop', '2D', 'Cute', 'Indie', 'Relaxing', 'Linear', 'Colorful']"
2785070,Ani-Chess,"['Strategy', 'Casual', 'Turn-Based Strategy', 'Turn-Based Tactics', 'Cartoon', 'Cartoony', 'Cute', 'Relaxing', 'Indie', 'Logic', 'Singleplayer']"
2772320,Animal parkour,"['Casual', 'Sports', 'Action-Adventure', 'Racing', '2D Platformer', '2D', 'Grid-Based Movement', 'Class-Based', 'Automation', 'Singleplayer']"
2650030,Aussie Rules Coach,"['Sports', 'Simulation', 'Casual', 'Singleplayer', '2D', 'Artificial Intelligence', 'Logic', 'Arcade', 'Real Time Tactics', 'Indie', 'Strategy RPG', 'Time Management', 'Grand Strategy']"
2070140,Batiman,"['Casual', 'Arcade', '2D Platformer', '2D', 'Pixel Graphics', 'Retro', 'Submarine', 'Superhero', 'Indie', 'Artificial Intelligence', 'Singleplayer', 'Multiplayer']"
2512210,Blobber,"['Physics', 'Procedural Generation', 'Platformer', '2D Platformer', 'Arcade', 'Minimalist', 'Puzzle Platformer', 'Action', 'Indie', 'Singleplayer', '2D', 'Horror', 'Twin Stick Shooter', 'Perma Death', 'Survival', 'Controller', 'Tutorial']"
2750190,Blub,"['Adventure', 'Casual', 'Platformer', 'Puzzle', '2D Platformer', 'Exploration', 'Puzzle Platformer', '2D', 'Colorful', 'Cute', ""1990's"", 'Logic', 'Old School', 'Science', 'Controller', 'Linear', 'Physics', 'Singleplayer', 'RPG', 'Indie']"
2741650,Burning Wall,"['Action', 'Side Scroller', 'Arcade', '2D', 'Singleplayer']"
2520250,Catty Cathy,"['Casual', 'Platformer', 'Clicker', 'Funny', 'Comedy', 'Idler', '2D', 'Cute', 'Satire', 'Cartoon', 'Cartoony', 'Colorful', 'Hand-drawn', 'Relaxing', 'Linear', 'Singleplayer']"
2758340,Chuno,"['Action', 'Singleplayer', '2D Platformer', 'Indie', 'Casual', 'Cute', 'Pixel Graphics', 'Family Friendly']"
2924020,Creature Match,"['Casual', 'Point & Click', 'Creature Collector', 'Hand-drawn', 'Hidden Object', 'Cute', 'Relaxing', '2D', 'Indie', 'Singleplayer', 'Score Attack']"
2839190,Cubix,"['Adventure', 'Puzzle', 'Platformer', '2D Platformer', 'Idler', 'Indie', 'Early Access', 'Precision Platformer', '2D', 'Minimalist', 'Perma Death', 'Singleplayer']"
2729710,Don't Touch My Phone,"['Action', 'Adventure', 'Casual', 'Action RPG', 'Action-Adventure', '2D Platformer', '2D', 'Cartoon', 'Cartoony', 'Cute', 'Minimalist', 'Comedy', 'Crime', 'Dark Comedy', 'Fantasy', 'Funny', 'Horror', 'Bullet Time', 'Singleplayer', 'Indie']"
2822910,DrawBall,"['Casual', 'Strategy', 'Puzzle', '2D', 'Top-Down', 'Family Friendly', 'Logic', 'Tabletop', 'Indie', 'Level Editor', 'Colorful', 'Singleplayer']"
2976630,Drone Adventure,"['Adventure', 'Simulation', 'Sandbox', 'Shooter', 'Exploration', 'Immersive Sim', ""Shoot 'Em Up"", '3D', 'Colorful', 'Aliens', 'Dog', 'Fantasy', 'Sci-fi', 'Survival', 'Hack and Slash', 'Trading', 'Tutorial', 'Singleplayer', 'Indie']"
2905590,Endless Mountain,"['RPG', 'Casual', 'Action-Adventure', 'Action RTS', 'Traditional Roguelike', 'FMV', 'Cute', 'Medieval', 'Singleplayer']"
2878630,Etherrealm,"['Action', 'Adventure', 'Casual', 'Roguelike', 'RPG', 'Dungeon Crawler', 'Action Roguelike', 'Action RPG', 'Action-Adventure', 'Hack and Slash', 'Interactive Fiction', 'Souls-like', '3D', 'Third Person', 'Fantasy', 'Magic', 'PvE', 'Singleplayer', 'Early Access', 'Indie']"
2335830,Fist Food,"['Action', 'Casual', 'Arcade', '2D', 'Cartoony', 'Colorful', 'Cute', 'Old School', 'Score Attack', 'Indie', 'Tutorial', 'Singleplayer', 'Roguelite', 'Procedural Generation']"
2855700,Forest Showdown：Cat Hero Battle,"['Casual', 'Sports', 'Adventure', 'Action', 'Simulation', 'RPG', 'Cats', 'Singleplayer']"
1334290,FourthMotion,"['3D Platformer', 'Runner', 'Bikes', 'Mechs', 'Motorbike', 'Parkour', 'Robots', 'Science', 'Trains', 'Physics', 'Platformer', 'Walking Simulator', '4X', 'Comic Book', 'Third Person', 'Nonlinear', 'Action', 'Casual', 'Simulation', 'Cartoony']"
2870670,Getaway Driver,"['Action', 'Open World', 'Sandbox', 'Exploration', 'Driving', 'Singleplayer', '2D']"
2846850,Hexagon Ultra VR,"['Early Access', 'Strategy', 'Turn-Based Tactics', 'Board Game', 'Tabletop', '3D', 'VR', 'Cute', 'First-Person', 'Relaxing', 'Snow', 'Casual', 'Narration', 'Turn-Based Combat', 'Colorful', 'Fantasy', '6DOF', 'Hex Grid', 'Artificial Intelligence', 'Cartoon']"
2519580,JTAC Beats,"['Casual', 'Auto Battler', 'Puzzle', 'Rhythm', 'Turn-Based Strategy', 'Hidden Object', 'Idler', '3D', 'Pixel Graphics', 'Simulation', 'Stylized', 'Strategy', 'Funny', 'Linear', 'Singleplayer']"
2844950,Jumping Steve,"['Action', 'Casual', 'Arcade', '2D Platformer', '2D', 'Colorful', 'Comedy', 'Nature', 'Old School', 'Indie', 'Controller', 'Score Attack', 'Tutorial', 'Singleplayer']"
2824170,Jumpy Jumptime,"['Early Access', 'Adventure', 'Casual', 'Platformer', 'Puzzle', '3D Platformer', 'Precision Platformer', 'Exploration', 'Action-Adventure', 'Runner', 'Puzzle Platformer', 'Pixel Graphics', '3D', '3D Vision', 'Cartoon', 'Cartoony', 'First-Person', 'Colorful', 'Cute', '1980s']"
2862560,Kingmaker,"['Strategy', 'Board Game', 'Casual', 'Turn-Based Strategy', 'Tabletop', 'Pixel Graphics', '2D', 'Colorful', 'Top-Down', 'Arcade', 'Indie', 'PvP', 'Multiplayer', 'Turn-Based Combat']"
2628850,LA Hollywood Zombies,"['Strategy', 'Action', 'Adventure', 'Arcade', 'Action-Adventure', 'Shooter', ""Shoot 'Em Up"", '3D Platformer', '3D', 'Cinematic', 'First-Person', 'Third Person', 'Survival', 'Artificial Intelligence', 'Combat', 'Vehicular Combat', 'Singleplayer', 'Horror', 'Zombies', 'Indie']"
2909940,Last Ride,"['Casual', 'Adventure', 'Action RPG', 'Puzzle', 'Exploration', '2D', 'Pixel Graphics', 'Atmospheric', 'Horror', 'Indie', 'Linear', 'Singleplayer']"
2890820,Living Metal,"['Puzzle Platformer', 'Puzzle', 'Robots', 'Physics', 'Platformer', '2D', 'Noir', 'Simulation', 'Casual', 'Abstract', 'Minimalist', 'Sci-fi', 'Logic', 'Singleplayer']"
2530040,Magic Smasher,"['Perma Death', 'Arcade', '2D', 'Time Manipulation', 'Action', 'Magic', 'Singleplayer', 'Indie', '2D Platformer', 'Colorful', 'Fantasy', 'Retro', 'Tutorial', 'Casual', 'Precision Platformer']"
2873270,Maze TD Battleground,"['Strategy', 'Tower Defense', 'Action RTS', '3D', 'Building', 'Fantasy', 'Magic', 'Management', 'Retro', 'Survival', 'Indie', 'Casual', 'Tactical', 'Level Editor', 'PvE', 'Turn-Based Combat', 'Singleplayer']"
2743020,Melting Passion,"['Strategy', 'RPG', 'Platformer', 'Shooter', 'Strategy RPG', '2D Platformer', ""Shoot 'Em Up"", 'Dystopian', 'Multiple Endings', 'Precision Platformer', 'Bullet Hell', 'Resource Management', '2D', '3D', 'Singleplayer', 'First-Person', 'Pixel Graphics', 'Crime', 'Dark Fantasy', 'Story Rich']"
2785730,Memorize,"['Strategy', 'Puzzle', 'Casual', 'Grand Strategy', '2D', 'Funny', 'Psychological Horror', 'Linear', 'Colorful', 'Pixel Graphics', 'Indie', 'Minimalist', 'Logic', 'Family Friendly', 'Singleplayer']"
2784230,mischievous,"['Simulation', 'Adventure', 'Action-Adventure', '2D Platformer', '2D', '1980s', 'Singleplayer', 'Indie']"
2739920,OG Memory: Winter 2K23,"['Casual', 'Tabletop', 'Realistic', 'Nature', 'Singleplayer']"
2912970,OG Puzzlers: Spring 2K24,"['Casual', 'Board Game', 'Realistic', 'Nature', 'Grid-Based Movement', 'Singleplayer']"
2673380,OG Puzzlers: Synthwave Boats,"['Casual', 'Tabletop', 'Puzzle', 'Colorful', 'Singleplayer', 'Indie']"
2833440,Paragon Slots,"['Action', 'Casual', 'Point & Click', 'Puzzle', 'Clicker', 'Match 3', '2D', 'Cartoony', 'Colorful', 'Comic Book', 'Dark Fantasy', 'Dragons', 'Fantasy', 'Gambling', 'Magic', 'Medieval', 'Mythology', 'Retro', 'Female Protagonist', 'Singleplayer']"
2910440,Parkour Master,"['Parkour', 'Casual', 'Singleplayer', '3D Platformer', 'Precision Platformer', 'Platformer', '3D', 'Linear', 'Physics', 'Colorful', 'Puzzle', 'Puzzle Platformer']"
2765690,Pixel Defender,"['Strategy', 'Tower Defense', '2D Platformer', 'Action RTS', '2D', 'Pixel Graphics', 'Relaxing', 'Fantasy', 'Combat', 'Action', 'RPG', 'Indie', 'Casual', 'Linear', 'Singleplayer']"
2739870,Robot Adventure,"['Exploration', 'Precision Platformer', 'Side Scroller', '2D Platformer', 'Collectathon', 'Puzzle', 'Platformer', 'Arcade', '2D', 'Cute', 'Funny', 'Controller', 'Linear', 'Colorful', 'Pixel Graphics', 'Family Friendly', 'Logic', 'Sci-fi', 'Comedy', 'Adventure']"
2743450,Robot Trivia Funtime,"['Casual', 'Trivia', '3D', 'Cartoony', 'Colorful', 'Minimalist', 'Education', 'Futuristic', 'Relaxing', 'Robots', 'Character Customization', 'Indie', 'Early Access', 'Multiplayer', 'Singleplayer', 'Arcade', 'Competitive']"
2920110,Shrimpwrecked,"['Side Scroller', 'Cute', 'Colorful', 'Pixel Graphics', 'Atmospheric', 'Casual', 'Arcade', 'Shooter', 'Arena Shooter', 'Action-Adventure', 'Linear', '2D', 'Action', 'Top-Down', 'Adventure', 'Retro', 'Top-Down Shooter', 'Singleplayer', 'Indie']"
2920490,Splash Dino,"['Casual', 'Puzzle', 'Indie', 'Dinosaurs', 'Logic', 'Physics', '2D', 'Singleplayer', 'Cute', 'Colorful', 'Puzzle Platformer', 'Cartoony', 'Funny']"
2615880,SprintLine,"['Action', 'Psychological Horror', 'Platformer', 'Runner', 'Rhythm', '3D Platformer', 'Precision Platformer', 'First-Person', 'Adventure', 'Linear', 'Singleplayer', '3D']"
2792610,Stickman Killing Zombie,"['Action', 'Adventure', 'Action-Adventure', 'Arcade', ""Beat 'em up"", 'Action Roguelike', 'Hack and Slash', 'Side Scroller', 'Top-Down Shooter', '3D', 'Colorful', '2.5D', 'Cartoony', 'Noir', 'Stylized', 'Dark', 'Dark Fantasy', 'Survival', 'Survival Horror', 'Zombies']"
2772520,The Return of the King,"['RPG', 'Casual', 'Action-Adventure', 'Action RPG', 'Looter Shooter', 'Medical Sim', 'LEGO', 'Singleplayer']"
2588260,Tile Slider,"['Puzzle Platformer', 'Strategy', 'Clicker', 'Casual', 'Puzzle', 'Board Game', 'Point & Click', '2D', 'Top-Down', 'Linear', 'Indie', 'Logic', 'Tactical', ""1990's"", 'Old School', 'Retro', 'Singleplayer']"
2833920,TR-12,"['Action', 'Platformer', '2D Platformer', ""Shoot 'Em Up"", 'Top-Down Shooter', '2D', 'Cartoony', 'Colorful', 'Pixel Graphics', 'Top-Down', 'Old School', 'Retro', 'Controller', 'Hack and Slash', 'Multiple Endings', 'Score Attack', 'Singleplayer', 'Indie', 'Gore', 'Violent']"
2743470,Ukraine Total Defense,"['Strategy', 'Tower Defense', '2D', 'Isometric', 'War', 'Singleplayer', 'Indie', 'Casual']"
2764390,Unknown place,"['Action', ""Beat 'em up"", '3D', 'Horror', 'Singleplayer', 'Indie', 'Violent']"
2879350,银河战争一(Galactic Wars One）,"['Strategy', 'Casual', 'Tower Defense', '3D Platformer', '3D', 'Top-Down', 'Aliens', 'Space', 'War', 'Indie', 'Futuristic', 'Sci-fi', 'Base Building', 'Singleplayer']"
2786130,99 Seconds,"['Action', 'Arcade', '2.5D', 'Abstract', 'Colorful', 'Sci-fi', 'Retro', 'PvP', 'Multiplayer', 'Indie', 'Singleplayer', '4 Player Local']"
2909840,"Animal Farm Jigsaw Games for Toddlers, Babys and Kids","['Puzzle', 'Casual', 'Simulation', 'Education', '2D', 'Cute', 'Funny', 'Relaxing', 'Colorful', 'Indie', 'Family Friendly', 'Logic', 'Old School', 'Singleplayer']"
2923460,Asteroid Jungle,"['Local Multiplayer', 'Arcade', 'Tactical', 'Stealth', 'Strategy', 'PvP', 'Space', '2D', 'Controller', 'Retro', 'Old School', 'Sci-fi', 'Action', 'Combat', 'Futuristic', 'Grid-Based Movement', 'Top-Down', 'Multiplayer', 'Singleplayer', 'Indie']"
2842540,Bananamania™,"['2D Platformer', 'Platformer', '2D', 'Cartoony', 'Colorful', 'Nature', 'Adventure', 'Old School', 'Indie', 'Combat', 'Singleplayer']"
2808190,blue ocean,"['Adventure', 'Simulation', 'God Game', '2D Platformer', '2D', '6DOF', 'Singleplayer', 'RPG', 'Casual']"
2931770,BREAK IT!,"['Bullet Hell', 'Action', 'Puzzle', 'Arcade', '2D', 'Linear', 'Pixel Graphics', 'Capitalism', 'Comedy', 'Adventure', 'Indie', ""1990's"", 'Old School', 'Singleplayer']"
2874570,Bull-Bia Ricky,"['Adventure', 'Action', 'Platformer', 'Action-Adventure', '2D Platformer', 'Side Scroller', '2D', 'Cartoony', 'Alternate History', 'Boxing', 'Family Friendly', 'Parody', 'Comedy', 'Combat', 'Story Rich', 'Controller', 'Singleplayer', 'Indie']"
2902460,Cube Lands: The Final Wish,"['Adventure', 'Casual', 'Puzzle', 'Relaxing', 'Platformer', '2D', 'Puzzle Platformer', 'Logic', '2D Platformer', 'Atmospheric', 'Indie', 'Nature', 'Physics', 'Linear', 'Singleplayer']"
1967850,Death Ring,"['Early Access', 'Casual', 'RPG', 'Action', 'Arcade', 'Roguelike', 'Action RPG', 'Action Roguelike', ""Shoot 'Em Up"", 'Side Scroller', 'Runner', 'Bullet Hell', 'Roguelite', '2D', 'Pixel Graphics', 'Dark Fantasy', 'Atmospheric', 'Survival', 'Zombies', 'Score Attack']"
2796280,Dirty Rotten Bounders,"['Casual', 'Strategy', 'Arcade', 'Board Game', 'Puzzle Platformer', 'Real Time Tactics', 'Tactical', '2D', 'Pixel Graphics', 'Stylized', 'Surreal', 'Cartoony', 'Colorful', 'Cute', 'Family Friendly', 'Funny', 'Medieval', 'Mystery', 'Pirates', 'Robots']"
2968990,DNA Season 2 | Episode 4,"['Action', 'RPG', '2D Fighter', 'Action RPG', 'Arcade', ""Beat 'em up"", '2D Platformer', 'Hack and Slash', 'Side Scroller', '2D', 'Anime', 'Hand-drawn', 'Emotional', 'Fantasy', 'Lore-Rich', 'Martial Arts', 'Romance', 'Sci-fi', 'Singleplayer', 'Episodic']"
2857990,Easter 2024 Memory,"['Casual', 'Strategy', 'Indie', 'Board Game', 'Singleplayer', 'Tile-Matching', 'Grid-Based Movement']"
2744550,Estellina,"['Casual', 'Arcade', 'Platformer', '3D Platformer', 'Runner', '3D', 'Third Person', '1980s', 'Family Friendly', 'Retro', 'Racing', 'Indie', 'Space', 'Linear', 'Singleplayer']"
789130,Failure to Launch,"['Physics', 'Precision Platformer', 'Puzzle Platformer', 'Casual', '3D Platformer', 'Simulation', 'Platformer', 'Space Sim', 'Arcade', '3D', 'Third Person', 'Controller', 'Indie', 'Singleplayer', 'Sci-fi']"
2878120,Fruitio,"['Action', 'Casual', 'Arcade', 'Puzzle', 'Match 3', '2.5D', '2D', '3D', 'Abstract', 'Cartoony', 'Colorful', 'Cute', 'Stylized', 'Fishing', 'Nature', 'Old School', 'Retro', 'Snow', 'Surreal', 'Tactical']"
2944830,Frustration Nation,"['Horror', 'Comedy', 'Singleplayer', 'Retro', 'Pixel Graphics', 'Walking Simulator', 'Abstract', 'Adventure', 'Colorful', 'Top-Down', 'Indie', 'Old School', '2D Platformer', '2D', 'Atmospheric', 'Casual', 'Action']"
2936990,Hungry Mouse,"['Action', 'Casual', 'Adventure', 'Action-Adventure', '2D Platformer', '2D', 'Tactical', 'Procedural Generation', 'PvE', 'Singleplayer']"
2790550,It's Slime-Creep Time!,"['Survival Horror', 'Casual', 'Arcade', 'Puzzle', 'Roguelike', 'Aliens', 'Action Roguelike', 'Roguelite', '2D', 'Combat', 'Singleplayer']"
2768520,Jousting in January,"['Action', 'PvP', 'Arcade', '3D', 'Top-Down', 'Medieval', 'Combat', '4 Player Local', 'Local Multiplayer', 'Multiplayer']"
2928990,KILLCOLOR,"['Action', 'Casual', 'Top-Down Shooter', 'Retro', 'Arcade', 'Combat', 'Singleplayer', 'Indie', 'Action Roguelike']"
2796040,Looking For Love,"['Puzzle', 'Logic', 'Wholesome', 'Mouse only', 'Short', 'Score Attack', 'Casual', 'Stylized', 'Colorful', 'Cute', 'Minimalist', 'Pixel Graphics', 'Replay Value', 'Funny', 'Family Friendly', 'Difficult', 'Relaxing', 'Indie', 'Top-Down', 'Singleplayer']"
2963370,Marble Madness,"['Casual', 'Strategy', 'Roguelike', '2D', 'Deckbuilding', 'Singleplayer', 'Indie']"
2930210,MY DOG!,"['Casual', 'Dog', 'Comedy', 'Funny', 'Family Friendly', 'Puzzle', 'Colorful', 'Cute', 'Stylized', 'Photo Editing', 'Hidden Object', 'Match 3', '2D', 'Nature', 'Relaxing', 'Singleplayer', 'Linear', 'Indie']"
2884260,OG Memory: Synthwave Monsters,"['Casual', 'Board Game', 'Horror', 'Grid-Based Movement', 'Singleplayer', 'Tile-Matching', 'Indie']"
2882580,OG Puzzlers: Synthwave Astronauts,"['Casual', 'Indie', 'Tabletop', 'Puzzle', 'Colorful', 'Space', 'Singleplayer']"
2882590,OG Puzzlers: Synthwave Dinosaurs,"['Casual', 'Indie', 'Tabletop', 'Puzzle', 'Colorful', 'Dinosaurs', 'Singleplayer']"
2872780,OG Puzzlers: Synthwave Knights,"['Casual', 'Indie', 'Tabletop', 'Puzzle', 'Colorful', 'Medieval', 'Singleplayer']"
2813690,Piece It!,"['Casual', 'Simulation', 'Strategy', 'Puzzle', '2D', 'Tabletop', 'Singleplayer']"
2910950,Purpose Calling,"['Action', 'Adventure', 'Action-Adventure', '2D Platformer', '2.5D', 'Cartoony', 'Family Friendly', 'Futuristic', 'Old School', 'Sci-fi', 'Controller', 'Indie', 'Linear', 'PvE', 'Local Co-Op', 'Local Multiplayer', 'Singleplayer']"
2983180,Qullusrent3,"['Software', 'Puzzle', 'Puzzle Platformer', '3D', ""1990's"", 'Singleplayer', 'Indie']"
2782900,Reincarnation Tower,"['Action', 'Difficult', 'Action-Adventure', '2D Platformer', 'Side Scroller', '2D', 'Physics', 'Singleplayer', 'Adventure', 'Indie', 'Atmospheric', 'Supernatural', 'Magic']"
2748540,ring of the devil,"['Simulation', 'Racing', 'Interactive Fiction', 'Medical Sim', 'Top-Down', 'Singleplayer', 'Casual']"
2914880,RocketRecoil,"['Adventure', 'Platformer', '2D Platformer', 'Pixel Graphics', 'Parody', 'Physics', 'Singleplayer', 'Souls-like', 'Indie', 'Precision Platformer', 'Difficult']"
2926300,Sales employee Takeru-Kun,"['Action', 'Casual', '2D', 'Arcade', 'Top-Down', 'Score Attack', 'Singleplayer', 'Local Multiplayer', 'Local Co-Op', 'Controller', 'Pixel Graphics', '1980s', 'Retro', 'Top-Down Shooter', 'PvP', 'Multiplayer', 'Co-op', '2D Platformer', 'Indie', 'Early Access']"
2831610,Simploe Tasks,"['Casual', 'Adventure', 'Action', '3D Fighter', 'Action-Adventure', 'Shooter', '3D Platformer', ""Shoot 'Em Up"", 'Third-Person Shooter', 'Hero Shooter', '3D', 'Third Person', 'Zombies', 'Post-apocalyptic', 'Survival', 'Crafting', 'Combat', 'Singleplayer']"
2599050,Square Edges,"['Casual', 'Arcade', 'Puzzle Platformer', 'Isometric', 'Perma Death', 'Singleplayer', 'Indie']"
2770270,Square Saga: The Trials,"['Action', 'Arcade', 'Twin Stick Shooter', 'PvP', 'Local Multiplayer', 'Party Game', 'Old School', '2D', 'Family Friendly', 'Top-Down', 'Cartoony', 'Funny', 'Mining', 'Post-apocalyptic', 'Retro', 'Sci-fi', 'Combat', 'Grid-Based Movement', 'Controller', 'Multiplayer']"
2732660,Supa Fly Racing,"['Casual', 'Racing', 'VR', 'Arcade', 'Flight', 'FPS', '3D', 'Colorful', 'Atmospheric', 'Physics', 'Singleplayer', 'Futuristic']"
2724140,SUS,"['Action Roguelike', 'Bullet Hell', 'Casual', 'Roguelite', 'Action', 'Action RPG', 'Arcade', 'Roguelike', '2D', 'Controller', 'Space', 'Indie', 'Score Attack', '1980s', 'Retro', 'Singleplayer']"
2747620,Teacher of prophecy,"['Simulation', 'Racing', 'God Game', 'Mystery Dungeon', 'Pixel Graphics', 'Singleplayer', 'Casual', 'RPG']"
2864320,Timing Blocks,"['Casual', 'Strategy', '2D', 'Trivia', 'Funny', 'Puzzle', 'Puzzle Platformer', '2D Platformer', 'Indie', 'Crafting', 'Singleplayer']"
1649420,TTA 1,"['Casual', 'Tower Defense', 'Strategy', 'Singleplayer', 'PvE', '2.5D', 'Retro', 'Real Time Tactics', 'Action', 'Indie', 'Grand Strategy', 'Cartoony', 'Combat']"
3062300,Up & Down,"['Adventure', 'Casual', 'Simulation', 'Sports', 'Animation & Modeling', 'Arcade', 'Battle Royale', 'MOBA', 'Photo Editing', 'Indie', 'Point & Click', 'Class-Based', 'Conversation', 'Dynamic Narration']"
2798390,VaporAeon,"['Casual', '1980s', 'Stylized', 'Arcade', 'Atmospheric', 'Colorful', 'Precision Platformer', '2D Platformer', '2D', 'Sports', 'Multiplayer', 'Character Customization', 'Artificial Intelligence', 'Co-op', 'Local Co-Op', 'Local Multiplayer', 'Online Co-Op', 'Singleplayer']"
2693260,We Are SUP,"['Casual', 'Card Game', 'Tabletop', 'Card Battler', 'Turn-Based Tactics', 'Real Time Tactics', '3D Vision', '3D', 'Cute', 'Colorful', 'Fantasy', 'Mystery', 'Family Friendly', 'Education', 'Singleplayer', 'PvE', 'Multiplayer', 'PvP', 'Magic', 'Character Customization']"
2909390,Wish you happiness,"['Adventure', 'Roguelike', '2D Platformer', '2D', 'Magic', 'Singleplayer', 'Indie', 'Early Access', 'Casual']"
2875270,抵抗,"['Strategy', 'Turn-Based Strategy', '3D Platformer', '3D', 'Turn-Based Combat', 'Singleplayer']"
2965180,Adora and My Treasure,"['Action', 'Adventure', 'Casual', 'RPG', 'Action RPG', 'Action-Adventure', 'Roguelike', 'Bullet Hell', 'Top-Down Shooter', '2D', 'Colorful', 'Cute', 'Pixel Graphics', 'Top-Down', 'Funny', 'Retro', 'Combat', 'Controller', 'Female Protagonist', 'Singleplayer']"
2941010,Art Dash,"['Casual', 'Action Roguelike', '2D', 'Psychedelic', 'Combat', 'Singleplayer', 'Indie', 'Early Access']"
2815680,Astral Vangard,"['Early Access', 'Mechs', 'Robots', ""Shoot 'Em Up"", 'Roguelike', 'Side Scroller', 'Sci-fi', 'Shooter', 'Bullet Hell', 'Roguelite', 'On-Rails Shooter', 'Retro', 'Singleplayer', 'Space', '2D', 'Anime', 'Cartoon', 'Action', 'Futuristic', 'Combat']"
2930070,Balance,"['Casual', 'Puzzle', 'Abstract', 'Minimalist', 'Logic', 'Singleplayer']"
2952800,Ball Points,"['Casual', 'Arcade', '3D', 'Physics', 'Singleplayer', 'Adventure', 'Indie']"
2509420,Blocked In,"['Strategy', 'Board Game', 'Turn-Based Tactics', 'Turn-Based Strategy', 'Multiplayer', 'Local Multiplayer', '4 Player Local', 'Choices Matter', 'Point & Click', '2D', 'Casual', 'Clicker', 'Logic', 'Relaxing', 'Tactical']"
2897960,Block Man Adventures,"['Casual', 'Platformer', '2D Platformer', 'Precision Platformer', '2D', 'Pixel Graphics', 'Agriculture', 'Alternate History', 'Linear', 'Singleplayer']"
2808460,Blue eyes,"['Simulation', 'Strategy', '2D Fighter', 'Match 3', '2D', '1980s', 'Artificial Intelligence', 'RPG', 'Casual', 'Singleplayer']"
2921840,Dino Precision Platformer,"['Precision Platformer', 'Time Management', 'Indie', '2D Platformer', 'Arcade', '2D', 'Dinosaurs', 'Action', 'Singleplayer']"
2747370,DriveSafely,"['Casual', 'Adventure', 'Action-Adventure', 'Rhythm', '2D Platformer', 'Runner', '2D', 'Pixel Graphics', 'Cartoon', 'Action', 'Indie', 'Relaxing', 'Funny', 'Quick-Time Events', 'Singleplayer']"
2825650,Earth Defenders,"['Early Access', '2D', 'RTS', 'Action RTS', 'Building', 'Wargame', 'Action', 'Tanks', 'Top-Down', 'Casual', 'Real Time Tactics', 'City Builder', 'Pixel Graphics', 'Strategy', 'Board Game', 'Grand Strategy', 'Time Management', 'Exploration', 'Colorful', 'Destruction']"
2858000,Easter 2024 Puzzle,"['Casual', 'Board Game', 'Isometric', ""1990's"", 'Grid-Based Movement', 'Singleplayer']"
2880820,Fantasy Creature Jigsaws,"['Casual', 'Puzzle', 'Relaxing', '2D', 'Fantasy', 'Dragons', 'Dark Fantasy', 'Medieval', 'Mythology', 'Indie', 'Vampire', 'Colorful', 'Singleplayer']"
2786320,FawnRun,"['Casual', 'Adventure', 'Action-Adventure', '2D Platformer', 'Runner', '2D', 'Pixel Graphics', 'Cute', 'Relaxing', 'Linear', 'Singleplayer']"
2843100,Harukis Journey,"['2D Platformer', 'Casual', 'Platformer', 'Adventure', '2D', 'Controller', 'Early Access', 'Cartoony', 'Ninja', 'Indie', 'Cartoon', 'Singleplayer']"
2736350,Home Path,"['Action', 'Roguelike', 'Action Roguelike', 'Singleplayer', '3D', 'Fantasy', 'Nature', 'Combat', 'Indie', 'Female Protagonist']"
2790590,It's Skrot-Robot Time!,"['Casual', 'Arcade', 'Roguelike', 'Puzzle', 'Dungeon Crawler', 'Action Roguelike', 'Roguelite', '2D', 'Robots']"
2836230,Jumping Orb,"['Casual', 'Strategy', 'Platformer', 'Puzzle', '3D Platformer', 'Puzzle Platformer', '3D', 'Minimalist', 'Third Person', 'Logic', 'Adventure', 'Indie', 'Family Friendly', 'Parkour', 'Procedural Generation', 'Singleplayer']"
2900440,MrHuh,"['Casual', 'Adventure', 'Action', 'Action-Adventure', 'Action Roguelike', '3D Platformer', '3D', 'Indie', 'Zombies', 'Singleplayer']"
2783170,Mysterious prophecy,"['RPG', 'Action-Adventure', '2D Platformer', '2D', '1980s', 'Singleplayer', 'Indie']"
2912980,OG Memory: Spring 2K24,"['Casual', 'Tabletop', 'Realistic', 'Nature', 'Singleplayer']"
2884280,OG Puzzlers: Synthwave Cats,"['Casual', 'Indie', 'Tabletop', 'Puzzle', 'Colorful', 'Cats', 'Singleplayer']"
2872770,OG Puzzlers: Synthwave Monsters,"['Casual', 'Board Game', 'Horror', 'Grid-Based Movement', 'Singleplayer']"
2816760,Ooka Ooka Adventure,"['Local Co-Op', 'Cute', 'Co-op', 'Co-op Campaign', 'Relaxing', 'Casual', 'Pixel Graphics', 'Puzzle', 'Adventure', 'Platformer', 'Puzzle Platformer', 'Controller', '2D Platformer', 'Colorful', 'Linear', 'Logic', 'Old School', '2D', 'Indie']"
2115110,Outrun Them,"['2D Platformer', 'Runner', 'Platformer', '2D', 'Top-Down', 'Casual', 'Cartoony', 'Zombies', 'Survival', 'Singleplayer', 'Early Access', 'Indie', 'Controller', 'Procedural Generation']"
2768730,Panda?,"['Casual', 'Strategy', 'Card Game', 'Pixel Graphics', 'Cute', 'Tabletop', 'Hidden Object', 'Clicker', 'Time Management', '2D', 'Indie', 'Colorful', 'Comedy', 'Retro', 'Score Attack', 'Singleplayer']"
2968950,Pillow Pinky,"['Action', 'Adventure', 'Action-Adventure', 'Platformer', '2D Platformer', 'Collectathon', '2D', 'Cartoon', 'Pixel Graphics', 'Fantasy', 'Retro', 'Early Access', 'PvE', 'Tutorial', 'Combat', 'Controller', 'Singleplayer']"
2836310,Refrega,"['Early Access', 'Bullet Hell', 'Action RTS', 'Wargame', ""Shoot 'Em Up"", 'Tower Defense', 'PvE', 'Tutorial', 'Strategy', 'Point & Click', 'Action-Adventure', '2D', 'Top-Down', 'Historical', 'Controller', 'Action', 'Base Building', 'Pixel Graphics', 'Management', 'War']"
2883420,Rolling Combine,"['Casual', 'Puzzle', '3D Platformer', '3D', 'Family Friendly', 'Physics', 'Singleplayer']"
2866030,Sword Smash 2,"['Action', '2D Platformer', 'PvE', 'Action RPG', 'Top-Down', 'Fantasy', 'Singleplayer']"
1864020,Teleportia,"['Puzzle', 'Puzzle Platformer', 'Platformer', 'Exploration', 'Side Scroller', 'Adventure', '2D Platformer', 'Logic', '2D', 'Cute', 'Relaxing', 'Comic Book', 'Cartoony', 'Minimalist', 'Pixel Graphics', 'Family Friendly', 'Physics', 'Cartoon', 'Casual', 'Strategy']"
2864780,Tower Doomer,"['Destruction', 'Physics', 'Colorful', 'Casual', 'Sandbox', 'Outbreak Sim', 'Simulation', 'Level Editor', 'Strategy', 'Immersive Sim', 'Arena Shooter', 'First-Person', '3D', 'Cute', 'Logic', 'Nature', 'Singleplayer', 'Indie']"
2947690,Type Galaxy,"['Action', 'Casual', 'Word Game', 'Typing', '2D', 'Top-Down', 'Sci-fi', 'Space', 'Linear', 'Singleplayer']"
2747090,Underground secret,"['Adventure', 'Action', 'God Game', 'Voxel', 'Traditional Roguelike', 'Turn-Based Tactics', 'RPG', 'Casual', 'World War II']"
2915080,Unreal Island,"['RPG', 'Simulation', 'Interactive Fiction', 'Action RPG', 'Turn-Based Strategy', 'Top-Down', 'Traditional Roguelike', 'Split Screen', 'Transportation', 'Singleplayer', 'Moddable']"
2505630,Vertical Velocity,"['Adventure', 'Casual', 'Arcade', 'Platformer', '2D Platformer', 'Precision Platformer', '2D', 'Cartoony', 'Cute', 'Pixel Graphics', 'Indie', 'Family Friendly', 'Linear', 'Singleplayer']"
2866950,RiseExplosion,"['Action', '3D', 'Singleplayer', 'Physics', 'Funny', 'Casual']"
2732960,Command & Conquer™ Generals Zero Hour,"['Strategy', 'Action', 'Singleplayer', 'Multiplayer', 'RTS', 'RPG', 'Co-op', 'FPS']"
2616460,Dungeon Keeper™ 2,"['Strategy', 'God Game', 'Action RPG', 'Real Time Tactics', 'Singleplayer', 'Action', 'Villain Protagonist', 'RTS', 'Classic', 'Old School']"
2229880,Command & Conquer™ Tiberian Sun™ and Firestorm™,"['Strategy', 'Action', 'Singleplayer', 'RTS', 'Action RPG', 'Classic', 'Sci-fi']"
2741560,SimCity™ 3000 Unlimited,"['Simulation', 'Strategy', 'Casual', 'City Builder', 'Singleplayer', 'Classic']"
2204130,Sid Meier's Alpha Centauri™ Planetary Pack,"['Strategy', '4X', 'Multiplayer', 'Singleplayer', 'Space', 'Turn-Based Strategy', 'Sci-fi']"
2229830,Command & Conquer™ and The Covert Operations™,"['Action', 'Strategy', 'Singleplayer', 'RTS', 'Action RTS', 'Classic']"
2203860,Populous™,"['RPG', 'Strategy', 'God Game', 'Isometric', 'Strategy RPG']"
2616450,Populous™ II: Trials of the Olympian Gods,"['RPG', 'Strategy', 'Isometric', 'Strategy RPG', 'Turn-Based Tactics']"
2917710,Go Up Bird!,"['Adventure', 'Casual', 'Simulation', 'Sports', 'Action-Adventure', ""Beat 'em up"", 'City Builder', 'Arena Shooter', 'Bullet Hell', 'Combat Racing', ""Shoot 'Em Up"", 'Solitaire', 'Spectacle fighter', '360 Video', '3D Vision', 'Colorful', 'Pixel Graphics', 'Stylized', 'Top-Down', 'VR']"
1561540,Ship of Theseus,"['Action', 'Adventure', 'Shooter', 'Exploration', 'Looter Shooter', '3D', 'Sci-fi', 'Space', 'Character Customization', 'Class-Based', 'Combat', 'Co-op', 'Co-op Campaign', 'Multiplayer', 'Online Co-Op']"
2554820,Celebrities Hacked,"['Casual', 'Arcade', 'Puzzle', '2D Platformer', 'Puzzle Platformer', '2D', 'Anime', 'Cartoony', 'Colorful', 'Comic Book', 'Indie', 'Relaxing', 'Singleplayer', 'Romance', 'Cute', 'Linear', 'Hentai', 'Score Attack', 'Nudity']"
1576960,World Order,"['Strategy', 'Action', 'RTS', 'Wargame', 'Exploration', 'Real Time Tactics', '3D', 'Realistic', 'Futuristic', 'Military', 'War', 'Space', 'Sci-fi', 'Tactical', 'PvP', 'Base Building', 'Hex Grid', 'Multiplayer', 'Local Multiplayer']"
2745530,Going Upstream,"['Action', 'Casual', 'Action-Adventure', 'Trivia', 'Runner', '2.5D', '3D', 'Cute', 'Cartoon', 'Cartoony', 'Top-Down', 'Comedy', 'Fantasy', 'Racing', 'Underwater', 'Funny', 'Atmospheric', 'Satire', 'Score Attack', 'Singleplayer']"
